scrip,all_time_high,all_time_low,Fib 23.6,Fib 38.2,Fib 61.8,Fib 78.6
HDFCBANK,1641.0,81.45,1272.9462,1045.2519,677.1981000000001,415.19370000000004
RELIANCE,2369.35,270.93,1874.12288,1567.7535599999999,1072.5264399999999,719.9918799999998
TCS,3354.35,114.33,2589.70528,2116.66236,1352.01764,807.6942799999997
